Modelo,Marca,Placa,Color,AÃ±o,Kilometraje,Rentado,Motor,Precio_renta,Ced_cliente,Fecha_de_entrega
Century,Buick,1G4GA5GR8CF036075,Aquamarine,2000,20741.55,yes,Inline-6,2901.0,22764161,24/4/2024
Ghost,Rolls-Royce,1GYS3LKJXFR263750,Maroon,2012,160676.31,no,V12,1017.09,29515374,5/4/2024
Taurus,Ford,VNKKTUD31FA306324,Turquoise,2003,4695.44,yes,V12,3676.66,19618226,1/4/2024
Armada,Nissan,KNDJN2A20F7231076,Pink,2008,66334.35,pending,V8,2310.91,20858108,15/3/2024
Escort,Ford,1GYS3GKJ9FR024696,Fuscia,1987,83228.51,pending,V8,1072.26,20118307,15/4/2024
STS,Cadillac,1FMCU0F76DU698661,Purple,2007,119169.13,no,Inline-6,3288.21,28503810,13/9/2024
Sierra 3500,GMC,WBABW33494P779139,Mauv,2008,54673.5,pending,Inline-4,4557.55,17096411,1/5/2024
Pathfinder Armada,Nissan,WAUKH68D61A776850,Mauv,2004,48392.98,pending,Inline-6,2902.65,27320019,30/10/2024
Avalanche 1500,Chevrolet,1G4HA5EM7BU286249,Puce,2003,68011.86,yes,Inline-6,3803.41,22124933,12/1/2024
Grand Am,Pontiac,1GYFK26299R062069,Crimson,2005,98780.5,yes,Inline-4,2185.55,20229842,21/4/2024
911,Porsche,WBAWL735X9P308456,Yellow,2013,17198.48,pending,V6,3643.26,25176405,9/6/2024
Suburban,Chevrolet,WP0AA2A90CS951852,Turquoise,2006,61867.15,yes,V8,4595.72,14390765,1/10/2024
Express 1500,Chevrolet,KNDJN2A2XF7471090,Teal,2007,175645.08,pending,V6,4047.93,16397665,7/9/2024
Tucson,Hyundai,1D7RB1GK0BS286153,Red,2006,92699.99,no,V8,4222.66,13665827,10/10/2024
Grand Cherokee,Jeep,WAUD2AFD6EN474327,Aquamarine,2001,165505.86,no,V8,3067.24,20735390,30/5/2024
Galant,Mitsubishi,WA1AGAFE6CD114830,Teal,1990,11111111111,yes,V12,1575.58,17537371,14/11/2023
S-Type,Jaguar,TRUWT28NX11268682,Goldenrod,2006,148290.79,pending,Inline-4,3385.29,21283805,28/11/2023
626,Mazda,2HNYD18915H549932,Turquoise,1996,182180.77,no,Inline-6,536.0,24497111,25/5/2024
GranTurismo,Maserati,2FMGK5DC7AB385575,Goldenrod,2009,222222,no,v1000,1267.45,21063292,8/11/2024
5 Series,BMW,WAUSH78E18A374887,Blue,2002,97303.21,no,Inline-4,4636.96,22273661,31/7/2024
Mazdaspeed6,Mazda,WBA4C9C53FD853642,Khaki,2006,102537.41,no,V8,4909.4,31527508,24/4/2024
Silhouette,Oldsmobile,SALFR2BG8EH782443,Indigo,1993,77399.35,no,Inline-4,3896.15,29533516,14/7/2024
Ram Van 1500,Dodge,WAUWFBFL4BA741252,Goldenrod,2003,38893.27,no,V6,2438.91,23688216,3/11/2024
Express,Chevrolet,WBAWL73589P310836,Goldenrod,2011,73892.25,pending,Inline-6,3276.1,24918366,18/5/2024
Rio,Kia,WAU3FAFR1DA180402,Violet,2012,22014.9,yes,V6,761.31,26371723,8/3/2024
Familia,Mazda,JM1NC2JF5F0682605,Red,1985,46780.95,yes,V6,4044.04,27475141,27/9/2024
Countryman,MINI,WVWAP7AN4EE942422,Teal,2012,25952.05,no,V6,3021.4,24190212,30/4/2024
Town Car,Lincoln,WBAFA53581L467840,Pink,2006,63054.94,no,Inline-6,684.05,18622890,17/3/2024
Jimmy,GMC,JN1CV6EK5EM674398,Khaki,1995,5178.45,yes,V6,3676.34,25020385,18/1/2024
Sonata,Hyundai,1FTNF2A56AE216799,Yellow,2011,20345.18,no,Inline-6,3860.88,24328372,14/7/2024
Boxster,Porsche,JHMZF1C69FS398333,Blue,2006,76125.01,no,Inline-4,2855.44,13197792,12/7/2024
B-Series Plus,Mazda,WBA3V9C54FP998290,Khaki,2000,160681.65,no,Inline-6,2423.36,15626700,19/6/2024
CTS,Cadillac,1B3BD2FB7BN185236,Goldenrod,2009,46801.35,yes,Inline-4,1510.09,24503215,29/8/2024
F250,Ford,WAUAF98E16A693202,Orange,1997,50465.43,no,V6,3055.69,25233906,28/6/2024
Cougar,Mercury,W04G15GV2B1126183,Puce,1994,186725.34,no,Inline-4,1341.08,27240644,21/7/2024
Sorento,Kia,3FAHP0CG2AR732600,Puce,2013,80684.47,no,Inline-6,2561.71,31086162,14/9/2024
280ZX,Nissan,WA1DMAFP8FA631348,Khaki,1979,191473.42,yes,V6,4099.22,19529590,31/3/2024
i-370,Isuzu,3C4PDCDG6FT812247,Red,2007,30633.65,pending,Inline-6,3005.97,18176115,5/3/2024
Loyale,Subaru,JA32X8HW5EU554645,Mauv,1991,117482.8,pending,V12,1882.99,14028215,23/11/2023
LTD Crown Victoria,Ford,5NPDH4AE3EH927287,Fuscia,1988,15074.82,no,Inline-6,2545.99,16748986,9/5/2024
Camry,Toyota,JHMZE2H71ES670771,Violet,2012,19534.4,no,Inline-6,760.77,29729194,26/12/2023
GT,Ford,1GT3C0BG1AF067879,Goldenrod,2005,121165.97,yes,V8,2375.86,28316795,17/5/2024
Spirit,Dodge,WBABW53446P668075,Yellow,1992,79446.23,yes,V6,2096.42,21325837,25/10/2024
S-Series,Saturn,1G6KS54Y61U344204,Puce,2002,89015.21,pending,Inline-4,2819.76,13761702,8/8/2024
California,Ferrari,WA1DGBFP7DA292883,Fuscia,2009,75480.45,yes,V6,3645.5,31222103,11/4/2024
TSX,Acura,WBA3C1C53DF603834,Blue,2011,39928.47,no,V12,3959.22,21302440,30/7/2024
Avalon,Toyota,JN8AF5MV4FT855026,Turquoise,2005,143969.91,no,Inline-6,4370.07,13599377,5/11/2024
200,Chrysler,JN1CV6EK6EM493455,Blue,2012,113571.07,yes,V6,2946.51,16514343,14/2/2024
Daewoo Lacetti,Suzuki,WBAYA6C55ED737038,Blue,2008,49776.13,no,V12,4952.9,27280722,5/9/2024
C-Class,Mercedes-Benz,JN1CV6EK0FM622274,Yellow,2004,absolutlyyes,pending,Inline-6,1795.4,15989557,27/6/2024
Sonoma,GMC,1FTWW3B57AE653302,Goldenrod,1998,47141.08,yes,V12,3561.63,31373344,7/1/2024
Mustang,Ford,WBAWV5C58AP264508,Mauv,1972,152154.09,no,Inline-6,756.08,18388309,22/4/2024
tC,Scion,1FTWX3D55AE977505,Turquoise,2009,18441.28,yes,V8,1176.5,25999521,17/6/2024
Phantom,Rolls-Royce,5NPDH4AE0DH797032,Goldenrod,2008,156158.38,no,V6,2951.91,21847803,14/11/2023
Cabriolet,Audi,WVGAV3AXXDW756940,Pink,1997,186512.89,pending,V12,681.77,31868185,5/9/2024
Swift,Suzuki,SCBGH3ZA7EC216358,Purple,1990,193018.03,yes,Inline-4,2395.1,28916881,3/11/2024
Coachbuilder,Buick,3VW4S7AT7EM557535,Puce,1994,57561.03,yes,Inline-4,2840.22,14672375,3/9/2024
Discovery,Land Rover,WUARL48H79K849269,Turquoise,1998,171678.19,pending,Inline-4,2882.74,14043529,31/12/2023
LR2,Land Rover,YV126MFC0F1128655,Pink,2008,79782.9,pending,V12,1717.08,28531203,3/10/2024
i-350,Isuzu,WAURFAFR3EA731652,Green,2006,91169.1,pending,Inline-6,2820.9,17251502,19/4/2024
Chariot,Mitsubishi,19UUA56761A799599,Orange,1996,9538.16,pending,V8,2537.68,15704955,29/10/2024
Silverado,Chevrolet,1G6AP5SX8F0866984,Blue,2008,114648.07,pending,V12,2232.12,24574665,21/11/2023
Sidekick,Suzuki,2C3CCABG2FH430688,Red,1990,20909.29,yes,V6,2625.81,16377849,27/5/2024
4Runner,Toyota,1G4GD5G32FF762487,Turquoise,1999,164309.71,yes,Inline-6,2932.84,18437139,2/1/2024
Intrepid,Dodge,1D7RV1CT0BS290192,Orange,1998,141392.56,yes,V8,3373.56,23423122,23/4/2024
TT,Audi,WBA3B3C53FJ041920,Aquamarine,2000,195727.58,pending,V12,1213.44,18033024,15/7/2024
Diamante,Mitsubishi,WAUDF98E05A876621,Puce,1996,144031.62,yes,Inline-4,3235.86,13856405,27/6/2024
Lumina,Chevrolet,2T1BPRHE2FC118283,Blue,1997,142608.52,no,V12,4847.51,17152632,6/11/2024
Ram 3500,Dodge,WAUJC68E65A178105,Blue,1995,149354.92,pending,Inline-4,1865.9,16009441,3/6/2024
Suburban,Chevrolet,WBAWV53557P010618,Fuscia,2011,175831.44,no,Inline-4,4035.05,20410664,9/8/2024
Celica,Toyota,KMHTC6ADXCU886734,Violet,1983,106848.68,yes,Inline-6,4119.98,19759288,24/6/2024
Tracer,Mercury,WA1DGAFE9CD362728,Aquamarine,1999,187920.09,no,Inline-4,1578.88,26317142,2/5/2024
G,Infiniti,WVGEF9BP8FD556105,Crimson,1993,7064.01,no,Inline-4,3755.99,19573048,22/10/2024
Grand Am,Pontiac,SCFFDABE2CG872142,Red,1992,33778.16,yes,V6,1143.06,26553209,26/8/2024
MX-5,Mazda,2G61S5S39F9235825,Maroon,2000,123856.39,pending,V6,2690.95,15211768,21/12/2023
Rendezvous,Buick,5GALVBED9AJ538196,Purple,2002,36235.59,pending,Inline-4,2314.46,31577247,26/3/2024
CX-7,Mazda,2G4GN5EK3C9684152,Turquoise,2007,107796.44,pending,V8,942.99,22975829,22/9/2024
B-Series,Mazda,JH4CU2E6XAC415481,Indigo,2001,118337.57,yes,V12,4474.01,30840277,20/1/2024
Sprinter 2500,Mercedes-Benz,1G6AM5SX6E0596175,Maroon,2012,51327.02,yes,Inline-4,1538.86,15365827,8/3/2024
Ranger,Ford,1G6AW5SX8F0040770,Pink,2000,171424.29,pending,Inline-6,2769.91,13956971,31/12/2023
CR-V,Honda,WBA3T1C57EP662414,Green,2002,148249.38,yes,V8,4627.74,17320083,27/4/2024
911,Porsche,WAUHGBFC7DN909905,Red,2010,85219.19,no,Inline-6,1309.82,31100747,29/6/2024
Z4 M Roadster,BMW,19UUA66216A966615,Purple,2009,148951.08,no,Inline-6,4723.54,22948861,6/10/2024
LTD,Ford,WAUSH94F58N355701,Yellow,1984,30090.77,no,V12,4853.08,13120252,10/8/2024
A6,Audi,WAULK98K09N111937,Violet,2003,66412.91,no,V6,1542.04,29939543,27/10/2024
Regal,Buick,SAJWA0FB1BL998517,Teal,1992,100451.4,yes,V12,3554.15,15180073,17/6/2024
Outback,Subaru,1G6DH577780110911,Fuscia,2006,197147.17,yes,V12,2530.55,25777386,4/12/2023
LaCrosse,Buick,1C4RDHDG9FC260339,Indigo,2006,160390.68,no,V12,2244.0,27329929,22/1/2024
Mighty Max,Mitsubishi,1FTEW1CW6AK066498,Indigo,1995,141984.44,no,V12,2699.64,13389157,27/7/2024
CL-Class,Mercedes-Benz,1GD11ZCG9BF156256,Crimson,2004,182210.37,no,Inline-6,1378.33,21388645,28/1/2024
Firebird,Pontiac,2GKALMEKXE6458757,Crimson,1993,125760.56,yes,Inline-6,1187.04,24253604,5/3/2024
62,Maybach,WAUDFAFL4EN288202,Yellow,2010,13598.89,pending,Inline-4,2319.23,30349755,18/12/2023
Boxster,Porsche,JN1CV6EK3AM762120,Blue,2005,32832.43,yes,V6,4549.26,22644632,9/6/2024
Discovery,Land Rover,JH4CW2H63EC570689,Turquoise,2010,186974.82,pending,V6,837.34,20408234,4/9/2024
Vandura 2500,GMC,1N6AA0ECXEN396045,Goldenrod,1994,155033.68,pending,V6,4609.85,17256142,12/12/2023
Sable,Mercury,WAU4FAFR7CA254618,Indigo,2009,77576.35,no,V6,2782.35,21596075,16/7/2024
Windstar,Ford,WBAEW53493P786003,Puce,2004,104266.17,yes,Inline-4,843.68,26638876,16/12/2023
L300,Mitsubishi,JTDKDTB36F1714465,Fuscia,1988,135070.34,pending,V6,4300.12,24616350,31/1/2024
Envoy,GMC,2C3CDZFJ2FH398732,Goldenrod,1998,162953.55,yes,Inline-6,4609.19,13193541,19/6/2024
CL-Class,Mercedes-Benz,JM3TB2MA8A0395415,Mauv,2004,55098.45,pending,V12,3566.04,25773957,1/8/2024
GTO,Pontiac,3GYFNEE3XFS856221,Goldenrod,2004,71271.02,pending,V12,1953.68,17049424,7/10/2024
Econoline E150,Ford,SCBCR63W06C090377,Red,2000,170018.59,no,V6,4193.78,18892503,15/1/2024
9-5,Saab,3GYFK66N26G060595,Mauv,2000,111476.79,no,Inline-4,1689.99,13713758,22/4/2024
LeBaron,Chrysler,3C6JD7BP1CG172752,Pink,1992,86639.85,yes,V6,1087.92,31099358,3/8/2024
Pathfinder,Nissan,3C6JD6BP8CG469494,Puce,2012,169227.26,pending,V8,4082.47,31744117,14/9/2024
Truck,Mitsubishi,19UUB2F51FA281529,Orange,1993,134418.09,no,Inline-6,3607.85,21764836,10/12/2023
Elantra,Hyundai,JA32X2HU1BU165248,Puce,2001,44094.44,pending,V6,2427.58,17742056,21/8/2024
Prelude,Honda,5FRYD3H49GB791185,Crimson,1992,16785.08,yes,Inline-6,1387.49,26406355,26/6/2024
GTO,Pontiac,WAUA2AFD7DN581453,Maroon,1968,102562.29,yes,Inline-4,1317.77,24609469,23/12/2023
F350,Ford,2HNYD284X8H320003,Fuscia,2010,88615.15,no,V6,1562.16,21239769,6/10/2024
Avalanche 2500,Chevrolet,1G6DV5EP7D0059870,Purple,2004,80744.35,no,V8,1845.9,19842635,27/3/2024
GTO,Mitsubishi,WAUVC58E35A833512,Khaki,1999,23876.58,pending,Inline-6,963.92,21196566,29/8/2024
MDX,Acura,WAU4FAFR7CA862882,Turquoise,2009,68361.55,pending,Inline-6,1992.02,22243208,21/11/2023
C70,Volvo,WAUSFBFL6AA860269,Violet,2012,125613.34,yes,Inline-4,2567.32,19279797,5/6/2024
Impreza,Subaru,KNAFZ6A31F5841250,Violet,1995,129409.25,yes,V6,3192.53,19420743,18/5/2024
Malibu Maxx,Chevrolet,KMHTC6ADXCU491274,Green,2006,51954.59,pending,V6,3235.26,13543973,18/11/2023
Mark VIII,Lincoln,1D7RE3BK2AS457428,Turquoise,1995,114931.78,no,Inline-6,2495.66,25147254,29/7/2024
Cougar,Mercury,WBADT534X1C747428,Puce,1985,87284.86,pending,V12,4115.12,25846241,1/10/2024
D350,Dodge,1GKKRNED8CJ776547,Red,1993,8256.64,no,V12,3269.0,15789858,4/11/2024
Mustang,Ford,5UMBT93506L491152,Maroon,2013,27273.62,pending,V12,3696.45,18004028,11/12/2023
Mark LT,Lincoln,YV440MBC2F1809256,Goldenrod,2008,11607.23,yes,V8,1728.61,30473926,12/5/2024
Legend,Acura,JTJBC1BA9C2889141,Orange,1992,192922.75,pending,V8,4747.74,26019173,9/5/2024
Thunderbird,Ford,5GAER23D89J948659,Mauv,2003,137231.14,pending,Inline-6,3768.16,13177418,24/8/2024
Concorde,Chrysler,1HGCP2E48AA072903,Puce,2004,48365.91,yes,V8,3468.28,21492424,24/4/2024
Swift,Suzuki,JM3TB2BAXE0747791,Teal,1988,88023.11,pending,V12,2517.49,18961206,1/8/2024
Suburban 2500,Chevrolet,1LNHL9FT9FG897928,Puce,1994,187498.29,pending,V12,1346.31,19792607,24/9/2024
Alero,Oldsmobile,SALAG2D49CA455333,Khaki,2004,155612.32,yes,V6,2133.32,19817409,29/6/2024
Range Rover,Land Rover,JN8AS5MT7BW017429,Purple,2004,49828.93,yes,Inline-4,4948.56,30995108,19/5/2024
XK Series,Jaguar,JTMHY7AJ7A4750694,Teal,2005,62448.28,no,V8,716.93,13727024,5/8/2024
Ram 1500,Dodge,JTEBU5JR3E5453851,Fuscia,2000,140476.93,yes,V6,996.03,19738793,18/1/2024
XK,Jaguar,19UUA56942A187730,Goldenrod,2006,4478.57,no,Inline-6,2212.18,20470144,1/3/2024
Laser,Ford,WAUHGBFC3DN486899,Blue,1987,106757.11,no,Inline-4,2784.61,29469883,5/3/2024
Savana 1500,GMC,1G4HR54K524284914,Red,2011,103324.41,pending,Inline-4,2006.75,28537050,28/7/2024
2500,GMC,1FTEW1CF9FF782487,Crimson,1994,93521.21,pending,V12,773.19,24194423,2/4/2024
Hombre,Isuzu,WBA6B2C58FG261607,Violet,1996,30059.61,pending,V8,1628.14,27320439,22/1/2024
Coachbuilder,Buick,JM1CW2BL9D0625968,Teal,1990,108911.78,no,V12,4037.94,23539170,11/11/2023
Element,Honda,WAUDV94F18N508480,Yellow,2010,47869.07,pending,V12,3025.9,17792939,19/10/2024
TL,Acura,WAUKF78E58A436006,Green,2005,77119.66,no,Inline-4,1556.84,15160564,23/11/2023
Jetta III,Volkswagen,WAUMR44E96N733063,Indigo,1995,160617.96,no,Inline-6,1822.11,26746046,1/6/2024
Wrangler,Jeep,5GADV231X7D977718,Fuscia,1994,115059.4,no,V12,3207.87,22616987,4/5/2024
Explorer,Ford,1C4AJWAG1CL154607,Purple,2009,108322.51,pending,Inline-4,970.93,15486261,10/7/2024
Escort,Ford,WP1AE2A2XBL462287,Turquoise,1990,28254.94,pending,V12,1289.92,27224316,14/5/2024
Jimmy,GMC,SCFLDCFP8EG187107,Fuscia,2000,99712.66,yes,V8,1983.31,14139270,24/6/2024
DeVille,Cadillac,2B3CK4CV1AH624975,Aquamarine,2004,15517.17,pending,Inline-4,4180.53,24152203,16/5/2024
ZDX,Acura,5NPDH4AE7EH479006,Puce,2010,107659.94,pending,Inline-4,4313.62,20957069,18/4/2024
Sierra 1500,GMC,5N1AA0NC7BN922206,Khaki,2010,179678.59,pending,Inline-6,3850.33,19184353,13/12/2023
2500,GMC,1N6BF0KM7FN797668,Orange,1999,64725.2,no,V8,2306.95,23799258,1/8/2024
Malibu,Chevrolet,2D4RN3DGXBR599874,Red,1999,110453.2,no,V8,1925.04,22659425,1/3/2024
Cobalt,Chevrolet,WVWAA7AH3AV084575,Aquamarine,2009,95115.22,pending,Inline-4,2894.08,24996231,23/5/2024
Paseo,Toyota,1N4AA5AP1DC482207,Turquoise,1997,44257.45,no,Inline-4,2495.92,21600735,15/12/2023
LTD,Ford,2LMDJ6JCXAB292072,Purple,1985,77838.64,yes,V6,4052.64,29437773,8/4/2024
S40,Volvo,JM1NC2JF1F0172879,Khaki,2001,70927.41,yes,Inline-4,1169.91,14917385,10/4/2024
Sky,Saturn,JM1NC2LF8C0568848,Yellow,2008,150735.79,yes,V12,4409.01,17373746,4/1/2024
PT Cruiser,Chrysler,YV1672MK4C2133859,Red,2007,164867.79,pending,Inline-4,3639.47,20802468,31/8/2024
Precis,Mitsubishi,WAUDF78E75A096975,Red,1986,10403.15,pending,V8,3398.19,15824915,31/1/2024
Mariner,Mercury,JN8AZ1FY8DW126028,Goldenrod,2010,109902.55,yes,V8,776.91,28302876,2/6/2024
MX-3,Mazda,JTMHY7AJ5D4307688,Green,1995,143301.59,pending,V8,3138.81,27281345,30/7/2024
911,Porsche,KNAFU5A24C5867398,Teal,2008,133977.85,pending,V12,705.93,28806101,18/12/2023
S40,Volvo,5UXZV4C5XD0894634,Yellow,2006,70041.88,pending,V6,3325.96,21457172,29/6/2024
Dakota,Dodge,2HNYD2H67CH387927,Khaki,1997,104487.97,no,Inline-6,1952.91,13017146,8/7/2024
Yukon,GMC,JM3TB2BV2D0564614,Orange,2006,154916.85,no,V6,2431.24,17881841,24/10/2024
Continental,Lincoln,3VWJX7AJ9AM902755,Green,1996,154650.72,yes,Inline-6,595.35,27291165,10/11/2023
Suburban 1500,GMC,1G6DU57V590578440,Violet,1993,40070.88,pending,Inline-6,1510.99,27552643,4/9/2024
Ascender,Isuzu,WA1BY74L08D877570,Maroon,2006,112049.48,pending,V12,2114.14,15692945,23/7/2024
Range Rover,Land Rover,2LMDJ6JK6BB783084,Crimson,2002,75589.81,no,Inline-6,3192.79,26688297,28/10/2024
LaCrosse,Buick,1N6AF0KY9EN900733,Red,2005,24302.65,yes,V6,4474.01,16558462,11/9/2024
5 Series,BMW,WAUAFAFL1EA350214,Green,2012,68716.34,no,V12,4323.59,18050178,1/6/2024
Odyssey,Honda,WBANU535X8C193232,Orange,2011,170602.93,no,V8,1481.53,22482760,5/12/2023
M,BMW,WBAEW53404P631745,Green,2002,44454.88,yes,V6,2549.45,13655788,30/5/2024
Mini Cooper S,Austin,3G5DA03L27S605880,Yellow,1963,15288.09,pending,V8,4010.05,26255308,18/11/2023
DB9,Aston Martin,5TDBK3EH9DS229945,Puce,2008,8304.21,yes,Inline-6,960.66,29592843,24/4/2024
A8,Audi,WBABN33412P493172,Khaki,2000,137232.44,yes,Inline-6,2045.77,28154578,8/10/2024
Bronco II,Ford,3N1AB6AP1CL160704,Maroon,1989,195455.68,pending,V6,3825.43,15528025,10/11/2023
Ram,Dodge,WBAYA8C53FG521488,Puce,2009,176986.36,yes,V6,4783.84,18730470,5/12/2023
Tucson,Hyundai,WAUEH98E47A382621,Puce,2005,167789.68,no,Inline-4,2527.24,19168819,9/1/2024
Golf,Volkswagen,NM0GE9E79F1289809,Puce,2000,189372.47,no,Inline-6,1899.02,14804139,29/4/2024
Legend,Acura,WBA3N7C50EK840528,Teal,1994,164426.69,no,Inline-4,3855.58,13760173,16/11/2023
XC90,Volvo,SALAG2V64FA797101,Puce,2011,59277.29,no,V12,753.51,30813993,13/6/2024
MX-5,Mazda,5TDBK3EH5DS146657,Khaki,1990,138313.91,no,Inline-4,3629.03,30420781,22/7/2024
Sierra,GMC,3D73Y3CL4BG105254,Indigo,2009,668.46,no,Inline-6,2634.53,27685758,24/5/2024
Outlook,Saturn,1GTN1TEX8CZ119764,Crimson,2008,196538.08,pending,V8,2309.38,13253991,28/5/2024
Odyssey,Honda,JH4CL96908C416511,Maroon,2009,33316.37,pending,V12,4850.82,24124316,24/3/2024
Truck,Mitsubishi,WAUWFAFR6CA239066,Puce,1995,72951.03,yes,V12,3690.15,24558339,30/11/2023
Mirage,Mitsubishi,19UUA66285A673292,Blue,2001,110731.77,yes,V12,4900.24,14510583,7/7/2024
Viper,Dodge,1FTSW3B51AE899793,Indigo,2002,157622.89,no,Inline-4,3073.23,15533731,21/7/2024
940,Volvo,WBACN33441L260090,Mauv,1992,124497.2,no,V8,2995.31,26803741,25/6/2024
E150,Ford,3C63DPHLXCG419649,Puce,2004,128027.15,pending,Inline-4,3706.21,17585584,27/11/2023
SLK55 AMG,Mercedes-Benz,3FAHP0DC4BR690296,Indigo,2009,24738.07,pending,Inline-6,1797.77,24439688,30/8/2024
S80,Volvo,1GKUCEEF4AR175114,Green,2006,84539.43,no,Inline-6,2349.75,18251399,3/9/2024
Mini Cooper,Austin,KMHGH4JH1EU138855,Turquoise,1964,30044.89,yes,V8,1507.08,24367031,26/6/2024
LTD Crown Victoria,Ford,KNDJT2A56D7699004,Goldenrod,1987,36298.16,yes,V6,782.27,23916800,17/8/2024
Ram Van B250,Dodge,KNDPB3A20C7443772,Puce,1994,160571.62,pending,V12,1311.0,23721974,28/8/2024
Tercel,Toyota,YV4902DZ3B2140429,Maroon,1992,158454.38,no,V12,4491.8,21047269,2/4/2024
Suburban 1500,Chevrolet,3VWKX8AJXBM595639,Red,2001,73105.59,pending,V6,4825.66,20323555,5/2/2024
Eurovan,Volkswagen,WBAWR33588P494262,Green,1995,44056.33,yes,V6,2741.49,21147760,1/7/2024
Verona,Suzuki,3GYFNKE68BS583654,Pink,2006,159025.61,pending,V12,1139.13,29236570,28/9/2024
SL-Class,Mercedes-Benz,1GYS4BKJ8FR748282,Yellow,1987,199215.02,no,V6,1413.95,22895948,28/2/2024
Vandura G3500,GMC,WAUGL78E96A389641,Pink,1995,81105.69,no,V6,3384.84,14058067,1/1/2024
Justy,Subaru,5UMBT93528L829721,Purple,1990,116010.58,pending,Inline-6,1275.67,14308881,23/2/2024
Taurus X,Ford,1GD120EG6BF212126,Purple,2008,161423.05,yes,V8,3706.33,17234684,27/6/2024
Gallardo,Lamborghini,2C3CDXHG5DH001937,Goldenrod,2007,134235.08,no,Inline-4,3405.7,28954857,9/10/2024
Forester,Subaru,SCBCP73W38C066914,Teal,2008,39116.93,pending,V8,978.59,29822707,1/7/2024
Probe,Ford,1D4PT7GX7BW919756,Red,1997,97709.02,yes,Inline-4,2654.95,28170512,12/8/2024
Camry,Toyota,SALAG2D46AA156251,Blue,2005,57720.24,pending,Inline-6,1607.96,30715417,9/6/2024
Escape,Ford,3C63DRBL3CG381900,Purple,2000,40326.38,yes,Inline-4,2516.85,27585061,27/11/2023
325,BMW,3GYFK12269G142378,Purple,2004,129007.18,yes,V6,4185.6,24007604,2/9/2024
G6,Pontiac,WAUBC48H55K826059,Yellow,2006,50065.23,no,Inline-6,3601.5,13733068,28/11/2023
Metro,Chevrolet,1G6AJ5SX6E0055619,Teal,1999,86092.21,yes,V6,4861.04,13992940,14/11/2023
Avalon,Toyota,JN1CV6FE5DM716253,Aquamarine,2010,45177.56,pending,V6,1539.51,25157842,11/6/2024
GTO,Pontiac,YV140MAB5F1675610,Aquamarine,1965,120812.92,yes,V12,1907.77,24929228,30/11/2023
Probe,Ford,3D73Y4HL4BG344723,Teal,1990,47672.05,yes,Inline-6,1759.31,13170920,5/1/2024
900,Saab,1G4HG5EM9AU628071,Blue,1987,147106.01,pending,Inline-4,520.57,15087972,31/12/2023
Jetta,Volkswagen,WAUGL98E45A201764,Khaki,2008,168811.45,pending,Inline-4,1259.42,13489576,22/2/2024
Charger,Dodge,2C3CCAKT5CH489517,Puce,2012,97954.35,pending,Inline-4,1796.15,29119662,7/9/2024
Torino,Ford,1N6AA0CJ5FN409478,Orange,1970,91464.99,no,V12,2700.88,24176580,30/7/2024
98,Oldsmobile,SCBLF34F86C375303,Green,1996,40513.11,yes,Inline-4,4329.35,27144147,10/3/2024
Club Wagon,Ford,JH4CL95965C939805,Yellow,1996,20072.69,no,Inline-4,2053.53,30975820,18/7/2024
Fleetwood,Cadillac,1G6AV5S87F0066420,Aquamarine,1992,82643.92,pending,Inline-4,3555.26,21888081,13/3/2024
Mini Cooper S,Austin,JN8AZ1MU5EW601880,Red,1963,160737.35,pending,V8,3466.88,15253715,25/4/2024
GL-Class,Mercedes-Benz,WBANE53556B329606,Indigo,2009,156498.68,yes,V6,1137.71,27733713,30/10/2024
XL-7,Suzuki,1G6DU57V890807967,Orange,2001,29123.5,yes,V8,4573.44,28518081,19/2/2024
Swift,Suzuki,SAJWA1C75D8254429,Crimson,2000,118187.53,yes,Inline-6,4279.63,16718506,17/3/2024
Pajero,Mitsubishi,WAUVC68E84A821599,Khaki,1996,81397.39,pending,Inline-6,3173.86,23759806,23/10/2024
Navigator L,Lincoln,1C3CDZAB9DN295649,Pink,2010,86822.54,yes,V12,792.11,27716267,14/2/2024
Corolla,Toyota,JN8AZ2KR5CT973805,Teal,2003,103564.71,no,V12,4410.87,29159736,26/1/2024
F-Series Super Duty,Ford,1GYEE437780883852,Indigo,2007,97675.83,pending,V12,1112.93,13118047,16/6/2024
E-Series,Ford,1C3BC5ED3AN700743,Indigo,1990,3758.7,no,Inline-6,1504.74,16220204,11/5/2024
Lancer,Mitsubishi,WBAPL5G56BN181774,Crimson,2008,133046.9,no,V6,1151.95,27782160,5/10/2024
i-Series,Isuzu,WAUEH74F77N189763,Purple,2007,6665.36,no,Inline-4,1899.86,14833329,9/6/2024
Talon,Eagle,1GYS4JEF5BR459517,Red,1993,100500.91,no,V8,2396.56,22831143,6/9/2024
Grand Prix,Pontiac,WAUJC58E33A689844,Yellow,1979,55008.46,no,Inline-6,1188.22,16540309,27/11/2023
Lightning,Ford,NM0GE9F7XF1837069,Turquoise,1994,63569.04,yes,V12,1634.42,30994450,1/10/2024
Pilot,Honda,1D4PU2GK8BW506006,Turquoise,2006,135153.36,yes,V12,1873.62,21767784,21/7/2024
Express 2500,Chevrolet,JTJBC1BA3D2910650,Blue,2001,43931.58,pending,Inline-6,4283.14,15906559,23/7/2024
Vigor,Acura,1N6AA0EC8EN832343,Maroon,1992,53502.38,pending,Inline-4,3394.53,23735417,25/7/2024
Bronco,Ford,JTDKDTB34E1161006,Yellow,1993,66398.14,no,V6,3453.89,18521589,10/7/2024
Sunbird,Pontiac,WAURVAFD2BN414456,Teal,1987,100944.79,pending,V6,2868.82,16484011,8/7/2024
CX-9,Mazda,YV140MEB6F1796110,Green,2008,136900.55,no,V8,823.81,16926628,26/1/2024
Range Rover,Land Rover,WBA3B5C50DF536829,Blue,1995,114260.6,no,V6,4427.94,28479828,27/10/2024
2500,Chevrolet,WP0AD2A73EL173842,Khaki,1994,15042.07,pending,V8,1201.87,17432209,24/2/2024
F150,Ford,5UXFE435X9L804455,Yellow,2003,9971.03,yes,Inline-4,1487.24,25962693,12/10/2024
Passat,Volkswagen,5N1AA0NC2EN960950,Purple,1995,191102.11,no,V8,958.62,19191344,23/11/2023
Murano,Nissan,19VDE3F33DE809486,Aquamarine,2006,134990.24,no,V8,4743.36,14143072,20/5/2024
Ion,Saturn,3D73M3HL9AG155036,Indigo,2004,127281.47,pending,V6,1086.93,23096923,20/5/2024
Titan,Nissan,WAUDV94F19N583035,Puce,2011,198220.72,yes,Inline-4,3127.73,19807880,30/4/2024
Pathfinder,Nissan,4T1BD1FK9EU554483,Orange,1993,47623.67,yes,V6,3802.11,20404015,20/11/2023
Excursion,Ford,SCBFT7ZA9DC079651,Orange,2002,65698.03,yes,V8,2962.38,14032042,6/8/2024
Sebring,Chrysler,WAUAF78E68A700989,Indigo,1998,42055.27,pending,Inline-6,643.3,26633238,20/1/2024
Protege,Mazda,JH4CU2F42CC885147,Pink,2002,160830.53,yes,V8,2497.74,21845877,2/9/2024
Carens,Kia,2GKALMEK4F6112186,Orange,2007,194607.26,no,V8,4678.24,22390121,4/6/2024
Sundance,Plymouth,WAUYP64B91N574062,Teal,1994,13633.71,no,Inline-4,2326.77,25484054,24/10/2024
Sienna,Toyota,5N1AT2ML7FC781744,Maroon,2010,82443.89,yes,V12,3365.97,26722736,14/3/2024
Thunderbird,Ford,1N6AD0CUXAC295600,Turquoise,1977,102713.7,pending,Inline-6,2123.38,16437003,29/2/2024
Exige,Lotus,3G5DB03E34S434650,Red,2005,145916.03,pending,V6,3924.04,25670475,23/4/2024
Vibe,Pontiac,1J4NF1GB8BD668992,Yellow,2003,124297.27,pending,V6,4507.12,21736080,30/8/2024
Ram 1500,Dodge,1FTEX1C85AK695040,Khaki,2000,127507.02,no,V8,2976.55,16584675,27/5/2024
Grand Caravan,Dodge,WAUKH78E06A240188,Teal,2010,173292.48,no,Inline-4,4423.63,29979037,19/2/2024
Boxster,Porsche,1G4GJ5E34DF615113,Blue,2013,5887.08,pending,V6,4045.52,23185539,20/8/2024
V90,Volvo,3C6JD6BP1CG068479,Red,1997,32068.04,no,Inline-6,4201.42,24448710,18/10/2024
Firebird,Pontiac,JN1CV6AP6CM295800,Pink,1991,177794.24,yes,Inline-4,2792.31,29647391,13/1/2024
9-5,Saab,2C3CDZBG1FH989497,Green,2006,51156.14,pending,Inline-4,1297.8,18581923,5/10/2024
LX,Lexus,1FTWW3A52AE951192,Yellow,2000,516.76,pending,Inline-6,1417.08,17700856,18/1/2024
LR3,Land Rover,3N1AB6AP2AL372525,Blue,2006,123624.87,no,Inline-4,2233.06,22918970,15/9/2024
9-3,Saab,WA1LGAFE5BD323757,Yellow,1999,66523.46,no,V6,2134.16,15197282,14/5/2024
Passat,Volkswagen,1N4AL2AP7BC731955,Red,2004,160554.04,no,V12,4827.21,21989465,13/7/2024
Charger,Dodge,WAUDH94FX6N937038,Maroon,2006,189760.39,no,V6,3240.86,25462256,24/12/2023
Phantom,Rolls-Royce,4USFE43597L407280,Blue,2011,122584.28,pending,Inline-4,4812.09,13051421,11/1/2024
Lynx,Mercury,1FTWX3A50AE903851,Blue,1987,114291.57,yes,Inline-6,2508.11,16898877,22/12/2023
Daewoo Kalos,Pontiac,WBA3B3G56DN211221,Pink,2005,139581.73,no,V6,3196.92,25101632,30/8/2024
Regal,Buick,JH4DC44671S413827,Fuscia,2000,36509.03,pending,Inline-6,4124.12,20723846,4/11/2024
Sunbird,Pontiac,JN8AF5MR2ET378775,Teal,1985,83832.85,no,Inline-6,3662.78,29666164,8/12/2023
Ram 2500,Dodge,1GD312CG2CF040317,Fuscia,2001,171958.36,no,Inline-6,1049.21,23265567,18/2/2024
Metro,Chevrolet,1D7CW3BK7AS056914,Indigo,2001,151846.38,no,V12,4035.77,17669543,19/6/2024
Bonneville,Pontiac,2G4WC562051222987,Mauv,1989,185611.52,pending,Inline-4,1503.52,15635176,7/9/2024
Lumina APV,Chevrolet,1N6AD0CU0AC746355,Purple,1993,52435.88,yes,V8,2289.53,24229262,31/3/2024
Continental Mark VII,Lincoln,WBASP4C5XBC847951,Green,1985,176915.05,yes,V6,664.91,31957402,20/8/2024
Veyron,Bugatti,WAUEH64B71N588431,Indigo,2011,40068.6,yes,Inline-4,3085.12,31106307,28/11/2023
Pilot,Honda,WAUNF98P68A815817,Teal,2011,80513.77,no,V8,627.88,18730497,27/2/2024
900,Saab,WBAUT9C52CA675848,Crimson,1996,53966.2,no,V8,3527.43,31155825,23/7/2024
NSX,Acura,WBAET37464N655244,Pink,1999,20836.45,no,Inline-6,979.44,29605905,30/4/2024
Grand Prix,Pontiac,1N6AA0EC6FN275143,Teal,1978,136169.05,no,Inline-6,1379.04,24231208,14/4/2024
968,Porsche,JH4CU2F64CC803906,Turquoise,1994,76126.8,pending,Inline-6,3385.46,26934173,25/1/2024
240SX,Nissan,1FMJK1H59BE456453,Pink,1994,56020.08,yes,Inline-6,2018.1,21852971,28/5/2024
Lumina,Chevrolet,JN8AE2KP0E9207703,Purple,1994,151437.22,no,V6,1997.18,27700938,9/6/2024
RAV4,Toyota,KNAFU6A2XC5461907,Mauv,1998,45228.62,pending,V12,3079.99,26572490,11/2/2024
BRZ,Subaru,1FTSX2B59AE763225,Pink,2013,87142.84,pending,V8,592.0,25354384,23/7/2024
EX,Infiniti,JHMZE2H54DS332794,Aquamarine,2008,145041.27,yes,Inline-4,4238.8,23517985,5/12/2023
Mariner,Mercury,5N1AA0ND1EN740465,Red,2005,407.53,yes,V8,4018.5,14695674,2/9/2024
Solara,Toyota,WBA3N3C50EF066153,Mauv,2007,123228.46,yes,Inline-6,2495.73,26523206,16/3/2024
Corvette,Chevrolet,WVGAV3AX8DW164601,Fuscia,1973,168647.27,yes,Inline-4,4238.08,22947088,1/7/2024
CTS-V,Cadillac,WBAWC33507P663609,Indigo,2011,134137.91,no,Inline-6,1599.1,25088613,25/11/2023
Civic,Honda,3C63D3HL2CG734888,Green,2003,21283.95,no,V8,2687.44,25539422,8/3/2024
Yaris,Toyota,SAJWA4DC6EM262321,Puce,2011,84763.56,yes,Inline-6,3273.88,26921876,11/2/2024
Ram Van 1500,Dodge,1G6DJ5E3XD0940099,Goldenrod,1998,105739.33,pending,V12,4314.49,31656577,19/3/2024
Tucson,Hyundai,1G4HP52K73U153235,Crimson,2006,64693.56,pending,V8,3980.44,16343379,25/12/2023
APV,Chevrolet,1G6KD57Y18U952180,Yellow,1993,48836.03,pending,Inline-6,1817.62,25812857,24/10/2024
CL-Class,Mercedes-Benz,1G6KD57Y09U565461,Fuscia,2011,84931.08,pending,V12,704.06,30882555,13/6/2024
Tahoe,Chevrolet,ZHWGU5BZ7CL293434,Mauv,2009,46810.01,yes,V6,2926.51,23953259,8/8/2024
Challenger,Dodge,1FMJU1J57AE514465,Mauv,2012,32227.29,pending,Inline-6,1820.27,25512416,31/5/2024
GTI,Volkswagen,5FNYF3H37FB008429,Teal,1996,130974.35,no,V8,2884.29,22828324,7/2/2024
Avalon,Toyota,SCFBB04B47G267112,Red,2004,70306.62,no,Inline-4,1715.55,22043903,18/9/2024
1500,Chevrolet,1GD01XEG3FZ854508,Pink,1992,158427.2,pending,Inline-4,919.63,26371726,11/11/2023
Roadmaster,Buick,JM3TB2MA0A0763165,Orange,1991,167377.56,pending,Inline-4,3380.19,22127081,12/9/2024
Solara,Toyota,3C63DPML6CG240479,Mauv,2004,128418.16,yes,V6,2119.68,19006022,31/10/2024
Tempo,Ford,KMHFC4DDXAA713968,Blue,1992,113741.6,pending,Inline-4,2606.9,17106800,18/2/2024
Spyder,Maserati,SCFAD02A46G821893,Goldenrod,2003,72474.74,pending,V12,2602.55,31247197,4/3/2024
Grand Am,Pontiac,WBY2Z2C51EV734348,Yellow,1993,173021.48,pending,V6,1933.22,22575722,11/11/2023
B-Series Plus,Mazda,1G6AB5SXXF0662914,Red,1994,10110.67,no,V12,1453.68,26812991,5/3/2024
7 Series,BMW,1C3CDZCB2DN469719,Turquoise,1994,21644.62,pending,V12,3471.06,23332898,12/9/2024
Skyhawk,Buick,19XFB4F23DE381988,Crimson,1984,101898.79,yes,V12,3988.36,27964633,7/9/2024
S10,Chevrolet,3D7TT2CT5AG602286,Fuscia,1994,132565.76,yes,Inline-4,3995.82,16861021,26/11/2023
Compass,Jeep,3C4PDCBB5CT419133,Crimson,2011,197643.4,pending,Inline-6,3722.45,15557899,13/8/2024
Previa,Toyota,3C6TD5GT6CG465503,Indigo,1992,153374.2,pending,Inline-4,2864.53,29298853,7/9/2024
M Roadster,BMW,4T1BD1EB6FU725628,Mauv,2008,128760.29,pending,Inline-6,4625.26,30581361,14/9/2024
Sonata,Hyundai,1FMCU4K38CK688041,Khaki,2001,50968.46,no,Inline-4,2465.55,27655588,16/10/2024
Summit,Eagle,1FTSW3B53AE523144,Khaki,1996,14679.52,yes,V8,2684.11,15492214,11/8/2024
Sienna,Toyota,WAUDT94FX5N709005,Maroon,1999,80952.74,no,V12,4345.47,18348218,1/4/2024
Tiguan,Volkswagen,1C3CDZBG8DN928023,Crimson,2010,64391.85,pending,Inline-4,2739.07,21348242,1/8/2024
NSX,Acura,2HKRM3H5XDH732934,Yellow,1997,135953.32,no,V12,823.99,31669985,26/1/2024
Eurovan,Volkswagen,3D7JB1EP3BG366873,Maroon,2003,31010.9,pending,V6,3150.22,30848650,23/7/2024
XT,Subaru,WAUJFAFH3DN442685,Crimson,1987,75232.48,yes,V12,1856.32,20836974,19/12/2023
Suburban 1500,GMC,WA1YL54B05N085509,Red,1999,186944.63,no,Inline-6,3923.38,29898475,29/9/2024
S80,Volvo,WBAUN13529V854341,Orange,2009,117970.83,pending,V6,3043.03,31405932,27/8/2024
Boxster,Porsche,KNADM5A37D6945426,Goldenrod,2009,123022.99,pending,V8,2245.73,16319136,28/2/2024
3000GT,Mitsubishi,WBA8Z5C50FD844535,Violet,1994,122626.73,yes,Inline-4,1093.12,31913256,8/11/2024
Coupe,Maserati,1G6DX67D170195080,Puce,2005,128630.88,pending,V8,1813.89,22841740,21/4/2024
Coachbuilder,Buick,5UXFE43557L476892,Turquoise,1991,3455.57,yes,V8,2841.58,24449426,12/8/2024
B-Series,Mazda,2G4WB55K131940601,Puce,1990,15874.9,pending,V8,2662.96,22888613,26/5/2024
Land Cruiser,Toyota,1GD02XEG9FZ472450,Mauv,1994,83796.85,yes,V8,1796.48,26094335,21/9/2024
Boxster,Porsche,WDCYC3HF1DX292513,Puce,2006,86434.56,pending,Inline-6,4521.32,24452959,21/7/2024
C-Class,Mercedes-Benz,JH4KC1F50EC043217,Turquoise,1994,199079.85,pending,Inline-6,2610.6,31693212,29/2/2024
Cobalt,Chevrolet,5FPYK1F50EB750410,Teal,2007,113775.56,pending,V6,4893.97,16942991,2/5/2024
ES,Lexus,WBAEJ13482A995743,Puce,2000,28161.85,yes,Inline-6,2844.41,21330688,5/8/2024
Coupe GT,Audi,3D7TT2CT5AG482666,Aquamarine,1986,146134.45,yes,V6,3065.94,20693146,21/9/2024
SLR McLaren,Mercedes-Benz,JN8AF5MR3DT035617,Violet,2009,92719.48,yes,Inline-4,2303.35,15699464,7/9/2024
W201,Mercedes-Benz,KNAFT4A2XB5475795,Teal,1985,187263.42,yes,Inline-4,869.28,23384173,28/5/2024
Rabbit,Volkswagen,1FTWX3A54AE820021,Teal,2007,84527.5,yes,V6,2901.52,13174055,4/11/2024
LX,Lexus,1FTFW1E89AF972883,Blue,2009,127599.85,yes,V12,881.81,30645126,30/8/2024
Hombre,Isuzu,1G4HP52K13U773014,Blue,2000,199772.53,no,V8,1050.83,19253493,26/8/2024
Thunderbird,Ford,1GD02ZCG5DZ862716,Fuscia,1955,62194.26,yes,V12,3068.39,13771423,22/7/2024
Express 3500,Chevrolet,5TDDW5G16FS362593,Orange,2000,42661.55,pending,V12,3479.75,25099274,16/4/2024
H3,Hummer,3VW4S7AT1EM452232,Red,2007,147704.23,yes,V6,2608.35,30832877,15/11/2023
F150,Ford,WAUHF98P07A450109,Puce,2003,306.12,yes,V12,3591.37,16961476,17/2/2024
Corvette,Chevrolet,WBAET37485N967924,Crimson,1972,99938.19,yes,V6,2324.05,19938983,1/12/2023
MDX,Acura,SAJWA6AT6F8599047,Fuscia,2012,98593.32,no,Inline-6,2028.43,19581658,14/2/2024
Sky,Saturn,JTHBL5EF3F1323700,Maroon,2007,137084.37,yes,V6,921.09,29088593,21/2/2024
Sierra 3500,GMC,WAUJT58E82A034030,Maroon,2003,164413.08,pending,Inline-6,3535.03,13558534,23/11/2023
Mazda5,Mazda,1FTEX1CM9DF972301,Yellow,2012,179156.19,yes,V6,1452.86,21418363,5/6/2024
Montego,Mercury,1N4AL3AP9DC500287,Yellow,2007,151393.91,pending,Inline-4,2113.64,22712944,16/2/2024
E-Series,Ford,WA1CMAFE7ED851328,Crimson,1985,119489.09,no,Inline-4,1363.69,23961092,8/8/2024
MPV,Mazda,WBAKF3C50CE585912,Green,1991,28427.59,pending,Inline-6,3041.29,13930470,21/1/2024
Silverado 1500,Chevrolet,JN1AJ0HP3CM340004,Red,2012,74069.73,no,Inline-6,2686.21,14913606,21/12/2023
Freelander,Land Rover,1G6KD57Y53U085732,Maroon,2011,143444.73,yes,V8,3767.2,14984895,28/4/2024
525,BMW,1FTEX1CM5DF092146,Crimson,2005,49691.31,pending,V6,3230.58,24906554,30/11/2023
Grand Caravan,Dodge,JH4CU4F47AC038973,Yellow,2006,187840.45,yes,Inline-6,3352.67,20378323,17/4/2024
Firefly,Pontiac,3D73M3CL4AG965567,Khaki,1990,152401.62,yes,Inline-6,2621.39,14865642,5/9/2024
164,Alfa Romeo,2FMDK4KC2AB065094,Teal,1994,194351.77,yes,V12,2686.98,28364032,9/8/2024
Catera,Cadillac,SCBLC31E22C406687,Indigo,1999,14610.25,yes,V6,2480.17,22608557,14/12/2023
Town & Country,Chrysler,5N1AA0NEXFN137685,Maroon,2007,166832.17,yes,Inline-4,3662.53,17113136,31/8/2024
Tribute,Mazda,JM1GJ1U50F1356720,Violet,2004,15094.1,pending,Inline-4,2515.19,26248380,2/9/2024
Forester,Subaru,3C3CFFCR0FT935754,Turquoise,2009,173997.22,no,Inline-6,1951.26,19584824,20/7/2024
Wrangler,Jeep,WAUEF78E56A452667,Goldenrod,2007,29167.38,yes,V12,1780.72,25383438,15/12/2023
Diablo,Lamborghini,5N1AR1NB3CC700569,Green,1995,110318.81,pending,V12,1026.54,23564468,1/6/2024
Ram 1500,Dodge,3VWML7AJ7DM401229,Blue,2009,176297.03,pending,V6,2134.32,29991332,16/9/2024
Seville,Cadillac,WAUWFAFR4AA386631,Fuscia,1993,5844.12,yes,V6,2279.29,17970962,27/5/2024
Range Rover Sport,Land Rover,3D73Y3CL8AG314639,Blue,2009,145993.11,yes,V12,2152.76,19926936,16/4/2024
i-290,Isuzu,1G6KH5E67BU564271,Red,2007,24422.3,pending,Inline-4,1477.8,26544143,4/3/2024
Spectra,Kia,WBAVA33558K001637,Green,2003,165297.74,no,Inline-4,1638.19,26131922,9/6/2024
Grand Am,Pontiac,5N1AT2MK3EC445286,Purple,1989,141858.15,pending,V8,4869.56,15100450,6/2/2024
Crown Victoria,Ford,1GTPCTEX9AZ037803,Crimson,1998,9759.92,no,Inline-4,3766.23,20197504,22/6/2024
Coachbuilder,Buick,2D4RN5D13AR052029,Crimson,1994,196500.58,pending,V12,2882.11,25198465,3/6/2024
SLK-Class,Mercedes-Benz,JN1CV6AP0CM766923,Crimson,2004,70721.44,no,Inline-4,3618.77,22248057,10/8/2024
Civic,Honda,5TDBM5G13CS053785,Red,1992,179201.08,pending,Inline-6,566.08,29654644,31/10/2024
Pacifica,Chrysler,1G4HP57258U317548,Maroon,2006,121832.44,no,Inline-4,4326.66,14503753,14/4/2024
Sunfire,Pontiac,WAUJT58E33A665947,Indigo,1999,132224.54,yes,V8,3702.74,29754934,18/7/2024
XLR-V,Cadillac,1N4AL2AP8AN031185,Puce,2006,8618.74,yes,V12,3535.91,23186211,13/12/2023
Outlook,Saturn,WAUJC68E95A885151,Khaki,2009,76111.02,pending,Inline-6,2050.48,14989024,1/3/2024
Town Car,Lincoln,5TFAW5F18FX873513,Pink,1991,89121.86,no,Inline-6,2262.92,31582929,27/11/2023
F350,Ford,WDDUG7JB8EA679755,Blue,2007,125781.24,no,V8,1502.67,28477470,26/3/2024
XK Series,Jaguar,3GYFNEEY1BS041606,Khaki,2005,156424.59,pending,Inline-4,3425.68,19495990,28/12/2023
Optima,Kia,1N6AA0EC7EN658491,Mauv,2010,24949.83,pending,V12,4423.18,19586709,12/2/2024
S-Class,Mercedes-Benz,5NPDH4AE8FH497757,Teal,2008,138238.58,pending,V12,4190.63,30601744,17/3/2024
S4,Audi,WAUAH94F07N972773,Turquoise,2006,97291.08,no,V6,3152.85,26495284,6/10/2024
Savana 3500,GMC,1GD21ZCG5CZ704967,Turquoise,2010,55415.82,no,Inline-4,3215.0,18107093,4/3/2024
XJ Series,Jaguar,3GYFK628X7G006480,Yellow,2001,113649.13,pending,V8,1230.53,28768648,16/9/2024
Tracker,Chevrolet,3N1AB6AP3CL622681,Maroon,1999,193747.54,no,V8,1926.7,31056203,21/11/2023
Tacoma,Toyota,1N4AL2AP7CC294301,Crimson,2009,139987.96,yes,V12,3666.02,17278582,17/2/2024
Daytona,Dodge,JHMZE2H34DS144436,Blue,1993,23647.77,pending,V8,4655.95,15579331,27/10/2024
Camry Solara,Toyota,WAUFGBFC6EN816950,Aquamarine,2007,149789.84,yes,V6,4053.52,15275643,20/11/2023
Sequoia,Toyota,1G6DV8EP7C0734133,Orange,2010,88609.25,no,V12,3861.96,27271753,3/10/2024
Samurai,Suzuki,JM1NC2MF3D0714931,Red,1993,55894.64,no,V6,2981.01,28371669,8/2/2024
Countach,Lamborghini,5N1AN0NW9EN153226,Maroon,1987,148812.54,yes,V6,3640.59,17963626,15/12/2023
Mirage,Mitsubishi,KNADM5A30F6965598,Indigo,1994,9105.58,no,Inline-4,3379.24,25342549,4/4/2024
Altima,Nissan,WA1EV94L07D183896,Violet,1998,105520.56,no,Inline-4,3033.57,28899386,24/5/2024
Pathfinder,Nissan,3LNDL2L33BR749660,Violet,2009,188530.33,no,V8,4190.96,30495330,4/11/2024
Sportage,Kia,WAUDN74F18N347455,Purple,2000,63455.91,no,V6,4672.44,19899541,23/12/2023
Versa,Nissan,2G4WC552171204874,Turquoise,2009,80655.51,yes,Inline-6,859.32,30400804,19/7/2024
SL-Class,Mercedes-Benz,1G6DZ67A780624062,Puce,2000,69191.86,yes,V12,3286.46,20299172,28/1/2024
Aerostar,Ford,1D7RE3BK1AS977538,Maroon,1990,4446.41,no,V6,1271.2,15784673,16/3/2024
Mazda3,Mazda,WUAW2BFC5EN796713,Blue,2008,61226.74,pending,Inline-6,4306.37,31107708,9/8/2024
Odyssey,Honda,1GYFC56259R229011,Crimson,2009,52827.14,yes,V8,3030.74,14786432,7/12/2023
Continental Mark VII,Lincoln,4A4AP3AU3EE039445,Yellow,1987,94596.57,yes,V12,1746.38,18118597,20/7/2024
B-Series Plus,Mazda,SCBET9ZA8FC508028,Teal,1994,53158.07,yes,V8,2352.13,28162630,17/10/2024
Versa,Nissan,4USBT53554L734894,Puce,2009,176482.2,no,V12,3977.39,18689320,10/9/2024
5000CS,Audi,1N6AF0LX4FN802913,Puce,1987,182254.99,pending,Inline-6,616.37,16647257,29/1/2024
750,BMW,1FTMF1E84AK771262,Crimson,2006,88885.93,pending,Inline-6,4482.99,17528185,5/1/2024
H1,Hummer,JH4CU2F60AC376527,Puce,1999,117045.21,no,V12,2676.39,31478728,16/3/2024
Galant,Mitsubishi,WVGAV3AX9DW373202,Khaki,1985,68550.15,yes,V8,2152.18,13167981,16/2/2024
Truck,Mitsubishi,JH4KC1F92EC198502,Crimson,1989,32534.53,no,V12,2011.34,30235440,3/1/2024
88,Oldsmobile,WBAUN13519V521564,Indigo,1992,66240.58,pending,Inline-4,4575.61,14676900,14/6/2024
Malibu,Chevrolet,3D7LT2ET7AG624108,Indigo,2007,178722.27,yes,Inline-4,3851.02,19540876,18/12/2023
Ram Van 3500,Dodge,SCBFT7ZAXEC817944,Crimson,2001,197821.1,no,V8,1212.29,27525082,4/8/2024
DTS,Cadillac,JH4KB16348C844271,Violet,2008,170830.04,pending,Inline-4,3913.76,25074709,2/12/2023
Caravan,Dodge,JN8BS1MWXEM784537,Crimson,1998,78927.4,no,V12,1824.06,28911196,23/9/2024
Tahoe,Chevrolet,JN8AZ2KR1DT510867,Pink,1996,140662.77,pending,Inline-4,1805.06,22209938,12/11/2023
Sonoma Club Coupe,GMC,WBXPA93405W816728,Red,1997,135284.37,yes,V12,1427.77,29821355,11/2/2024
TSX,Acura,WA1CGAFE1BD792246,Maroon,2009,144522.25,pending,V12,1943.32,29668579,29/8/2024
Sentra,Nissan,5FPYK1F27AB219981,Khaki,1993,42755.3,pending,V12,2028.02,24184086,4/6/2024
Avalanche 1500,Chevrolet,1GYUCCEF7AR006229,Puce,2004,154566.78,pending,V12,4477.62,31034837,5/7/2024
X5,BMW,WBASP2C56DC319766,Pink,2011,168742.63,yes,V12,4662.12,15424220,18/6/2024
500SL,Mercedes-Benz,3GTU2YEJ1DG829348,Purple,1992,56757.0,yes,Inline-4,2198.78,24567619,19/2/2024
Rodeo,Isuzu,2C4RDGCG2FR239920,Red,1996,46798.25,yes,V6,2820.48,21809460,19/5/2024
Outback,Subaru,KMHTC6AD0FU228358,Khaki,2006,14959.84,pending,V6,3559.13,15670623,27/12/2023
Trans Sport,Pontiac,WDDHF5KB9FB901934,Maroon,1997,6837.67,yes,Inline-6,4804.45,24943959,15/8/2024
Flex,Ford,WBADT53441C456603,Fuscia,2011,28804.57,yes,Inline-6,575.26,13004340,23/12/2023
Bronco II,Ford,WBA3B9C53DF176270,Green,1986,40572.18,no,V8,2047.74,17507227,21/1/2024
Touareg 2,Volkswagen,3VW1K7AJ4EM812840,Khaki,2008,20160.35,pending,V12,891.68,17854305,6/2/2024
B-Series,Mazda,WAUMGAFL5CA751515,Yellow,2006,12625.07,no,Inline-4,2033.57,23080942,29/8/2024
riolet,Audi,3N1CN7AP0DL161009,Indigo,1997,97161.36,no,Inline-6,3202.1,31615427,25/10/2024
Civic,Honda,SCFFDAAM3DG481883,Purple,2003,24978.03,pending,V12,3868.58,25618770,30/8/2024
Accent,Hyundai,TRUSC28N021616246,Teal,2010,199172.93,yes,V8,3086.83,13982569,8/9/2024
Range Rover,Land Rover,WBA3A5G52DN735674,Green,1986,85246.47,yes,Inline-4,1320.99,21751949,9/11/2024
LR2,Land Rover,WAUAC48H94K054059,Violet,2010,182503.37,no,Inline-6,1840.31,15408236,13/9/2024
Tiburon,Hyundai,SCBBR93W278302116,Maroon,2001,155149.82,pending,V6,1422.07,15631490,20/10/2024
A4,Audi,JTHCL5EFXF5745833,Crimson,2010,195590.52,no,V12,3826.77,29767380,12/1/2024
XLR-V,Cadillac,WA1CMAFE7AD846771,Mauv,2006,98918.35,pending,Inline-4,1402.4,25387421,23/7/2024
Tiguan,Volkswagen,2G4G05GV0B9239064,Maroon,2011,49221.31,no,V8,2067.81,14431389,21/12/2023
Nubira,Daewoo,SALVN2BG4EH607257,Turquoise,2001,103766.04,no,V6,4917.46,28450737,8/4/2024
LTD Crown Victoria,Ford,4T1BF3EK5AU493621,Aquamarine,1991,63302.09,yes,V8,3403.59,25334902,28/2/2024
Bonneville,Pontiac,WAUFGAFB7AN243777,Blue,1967,199303.39,pending,V12,4141.67,19105301,22/10/2024
Range Rover,Land Rover,WBAGN83584D672048,Green,2010,155828.19,no,V12,1599.14,24090362,28/9/2024
Corvette,Chevrolet,WBAXG5C51CD888427,Mauv,1966,129457.63,pending,V8,3159.96,21595729,14/3/2024
Parisienne,Pontiac,JM1BL1K3XB1126554,Fuscia,1984,149357.24,pending,V12,1928.26,27767748,6/9/2024
Escort,Ford,1GD02ZCGXCF637580,Maroon,2000,48495.35,yes,V8,1787.63,22138405,9/4/2024
626,Mazda,WAUKD98P96A550428,Yellow,1994,124304.01,pending,V6,4511.91,17817259,4/1/2024
Carens,Kia,WAUPN94E29N908442,Indigo,2009,4452.15,pending,V8,4039.07,22312249,31/1/2024
A8,Audi,JN8AZ2NC3E9584510,Pink,2008,101737.93,no,Inline-4,1024.26,28159901,7/10/2024
Sedona,Kia,JN8AZ1MU3EW742429,Turquoise,2007,82511.41,yes,V8,3422.06,23043660,8/5/2024
Taurus,Ford,JH4DC53893C264553,Crimson,1995,156850.82,no,Inline-6,1444.82,16919997,19/1/2024
900,Saab,5GAKVBED2BJ723221,Yellow,1994,178180.51,pending,Inline-4,514.15,30964703,30/11/2023
Grand Cherokee,Jeep,JM1CR2W36A0468493,Teal,2011,175861.07,pending,Inline-6,4891.11,29154989,26/8/2024
944,Porsche,SCFFDAAE8CG708802,Khaki,1991,171329.3,yes,V6,4616.35,27759454,13/5/2024
F-Series,Ford,JTEBU5JR0C5044705,Crimson,1987,127733.8,yes,Inline-4,2008.52,29087085,22/12/2023
Passport,Honda,WBAHN03547D897934,Aquamarine,1995,118826.75,pending,V8,3484.62,27986772,3/6/2024
Corvette,Chevrolet,WAUGFAFR2BA693916,Violet,1978,190995.0,pending,Inline-4,2906.45,13301677,19/3/2024
Miata MX-5,Mazda,WAUFFAFL7FN501590,Teal,1992,76797.46,pending,V6,3935.75,24282668,21/10/2024
DB9,Aston Martin,2G4GR5GXXE9918349,Pink,2009,108112.12,yes,Inline-4,2088.57,26516403,27/11/2023
XK,Jaguar,WBSKG9C51CE092784,Teal,2008,150558.33,yes,V8,850.34,24976677,29/6/2024
Excursion,Ford,2D4RN4DE8AR041895,Fuscia,2000,15529.39,no,Inline-6,2567.89,20908609,29/12/2023
Mini Cooper,Austin,WBAGL835X5D793977,Aquamarine,1961,46802.7,yes,V12,1891.86,16660033,14/7/2024
Rodeo,Isuzu,JTDBT4K33B1448003,Purple,2002,155721.71,pending,Inline-4,2012.21,26819691,5/10/2024
CTS,Cadillac,WAUCKAFR7AA215385,Aquamarine,2009,37080.53,no,V8,967.56,23246146,8/6/2024
Malibu Maxx,Chevrolet,WBAEU33474P283758,Puce,2006,72168.65,yes,Inline-6,2630.03,23889440,2/1/2024
Malibu,Chevrolet,1VWAH7A32DC151406,Indigo,2006,166599.16,pending,V12,1556.67,26057988,18/11/2023
XJ Series,Jaguar,WBANE53516B661896,Orange,2005,76026.37,no,V8,2260.65,19224661,27/11/2023
Caravan,Dodge,WDDHF0EB7FB034922,Red,1999,113954.05,yes,Inline-6,718.34,29991657,17/10/2024
Hombre,Isuzu,3VW4T7AT5EM557045,Purple,2000,148366.76,pending,Inline-4,2771.71,31114105,15/11/2023
Accord,Honda,1GYFK13239R255655,Pink,2000,5293.76,yes,V8,1520.32,22519372,13/11/2023
6 Series,BMW,5UXZV4C52D0628220,Khaki,2007,147913.4,yes,Inline-4,2688.75,31683780,2/3/2024
LX,Lexus,1GYS4GEFXCR878564,Crimson,2006,149425.05,no,V8,3753.14,17515186,5/9/2024
Express 3500,Chevrolet,WAUNE78P48A921027,Purple,2005,181282.88,pending,Inline-6,4367.79,29481118,14/8/2024
Avalanche 1500,Chevrolet,1FTEX1E86AF917106,Purple,2003,134005.63,pending,V6,3704.35,22734128,7/12/2023
Suburban 1500,GMC,WBALX5C57CC484021,Green,1999,119866.09,yes,V6,1114.53,18079105,11/7/2024
RX,Lexus,4JGCB2FE1AA256323,Maroon,2009,73618.27,yes,Inline-4,1556.16,31633268,27/1/2024
R-Class,Mercedes-Benz,1N6AD0CU7AC172899,Red,2007,133875.44,no,V6,4959.36,21483480,23/6/2024
Laser,Ford,JTHDU1EF4E5134625,Turquoise,1986,18015.78,pending,V6,3732.2,31566298,15/2/2024
E250,Ford,SCBLC47J57C204640,Yellow,2011,30049.0,yes,Inline-6,3027.7,14143759,14/10/2024
S2000,Honda,JN8AZ1MU6EW624259,Khaki,2009,73777.78,yes,V6,1574.51,28683555,18/2/2024
Highlander,Toyota,1FTEX1C87AK750779,Blue,2012,174585.54,pending,Inline-6,1245.42,25933950,2/1/2024
Montero,Mitsubishi,3C4PDCAB0ET933539,Crimson,1997,137464.1,pending,Inline-4,1532.17,24483815,30/1/2024
Firebird Trans Am,Pontiac,1N6AA0EC4FN292877,Puce,1986,94103.7,no,Inline-4,2705.1,23486086,28/9/2024
Golf,Volkswagen,2FMGK5BC8BB123410,Maroon,1984,19363.39,yes,Inline-6,820.96,29069963,18/10/2024
New Beetle,Volkswagen,1G4HP52K04U244705,Khaki,2009,15640.75,no,Inline-6,3143.07,19938524,21/3/2024
Monterey,Mercury,TRURD38J081098260,Orange,2006,31761.62,yes,Inline-6,4108.14,14570662,24/12/2023
Tiguan,Volkswagen,2FMDK4KC6AB543338,Violet,2011,175958.5,yes,V6,3634.16,30353770,30/9/2024
Savana 2500,GMC,5UXKU2C52F0800001,Khaki,1999,178033.96,no,V6,3343.56,27455200,22/9/2024
E250,Ford,WAUEH74F18N494628,Aquamarine,2006,98817.4,yes,Inline-4,1497.09,18368345,22/7/2024
Tahoe,Chevrolet,WA1LGAFE2CD506504,Indigo,1997,21825.5,no,V8,2145.62,25198702,26/11/2023
Elantra,Hyundai,WAUVFAFH3DN091648,Violet,2005,194144.49,no,V8,2856.67,28517361,25/9/2024
Sidekick,Suzuki,1FTEW1C84AK439037,Goldenrod,1997,113550.38,pending,V8,3850.3,16278719,17/2/2024
A8,Audi,SCBZB25E82C346769,Crimson,2000,113970.38,no,V12,828.28,31386537,9/8/2024
Ram 2500 Club,Dodge,1GTCSBD97A8729174,Fuscia,1996,36489.04,no,Inline-6,1643.17,15546101,23/3/2024
Legend,Acura,YV4952CT8C1886641,Maroon,1993,137710.52,no,V6,1306.8,18361072,5/7/2024
Grand Caravan,Dodge,1G6DF577X80471944,Puce,1996,147676.67,pending,Inline-4,1353.34,20468113,4/2/2024
Cobalt,Chevrolet,KMHTC6ADXEU867474,Violet,2005,15922.9,pending,Inline-4,3279.29,28035760,6/1/2024
Matrix,Toyota,WAUUL78E37A951568,Pink,2005,31130.5,no,Inline-4,3799.72,22909819,6/6/2024
Tribute,Mazda,JN8AZ2ND9F9389764,Pink,2004,126652.91,yes,V12,2176.66,26278182,2/4/2024
164,Alfa Romeo,5GAEV23748J290553,Red,1994,95668.16,pending,V8,1636.81,31810731,23/2/2024
Sequoia,Toyota,WDDHH8JB3FB011619,Mauv,2004,180639.49,pending,V6,3977.23,28430960,24/6/2024
